Name,Avg Points,Avg Yards,NPY/A,NRY/A,3rd%_x,4th%_x,Avg Points Let,Avg Yards Let,NPY/A Let,NRY/A Let,3rd%_y,4th%_y
New England Patriots,32.375,363.75,7.2,4.3,48.2%,50.0%,19.5625,366.5,6.4,4.2,47.1%,60.0%
San Diego Chargers,27.5625,395.5625,7.8,4.0,44.9%,38.5%,20.125,271.5625,5.3,3.7,33.7%,42.9%
Philadelphia Eagles,27.4375,389.375,6.4,5.4,39.7%,69.2%,23.5625,327.1875,6.0,4.2,38.3%,41.7%
Indianapolis Colts,27.1875,380.75,6.6,3.8,44.6%,62.5%,24.25,341.5625,6.1,4.6,39.0%,44.4%
Atlanta Falcons,25.875,341.125,5.9,3.8,46.7%,73.3%,18.0,332.4375,6.1,4.6,39.3%,52.9%
Oakland Raiders,25.625,354.625,5.9,4.9,34.1%,40.0%,23.1875,322.8125,5.9,4.5,34.9%,27.3%
Dallas Cowboys,24.625,364.25,6.7,4.2,40.8%,59.1%,27.25,351.75,6.8,4.3,39.7%,44.4%
New York Giants,24.625,380.3125,7.0,4.6,35.9%,27.3%,21.6875,311.875,5.8,4.2,31.7%,52.9%
Houston Texans,24.375,386.625,6.8,4.8,41.1%,47.4%,26.6875,376.9375,7.4,4.0,39.5%,84.6%
Green Bay Packers,24.25,358.125,7.1,3.8,41.5%,38.5%,15.0,309.0625,5.4,4.7,36.2%,30.0%
New Orleans Saints,24.0,372.5,6.5,4.0,48.8%,45.5%,19.1875,306.25,5.9,4.3,34.5%,65.2%
Pittsburgh Steelers,23.4375,345.3125,6.9,4.1,43.1%,40.0%,14.5,276.8125,5.3,3.0,33.5%,62.5%
New York Jets,22.9375,351.0,5.9,4.4,39.6%,35.7%,19.0,291.5,5.6,3.6,37.0%,66.7%
Kansas City Chiefs,22.875,349.6875,5.9,4.7,36.7%,43.5%,20.375,330.1875,5.7,4.3,37.7%,35.0%
Detroit Lions,22.625,338.9375,5.8,4.0,40.1%,62.5%,23.0625,343.5625,6.2,4.5,38.9%,41.7%
Baltimore Ravens,22.3125,322.875,6.3,3.8,39.0%,40.0%,16.875,318.875,5.8,3.9,38.0%,50.0%
Tennessee Titans,22.25,302.125,6.2,4.3,34.8%,57.1%,21.1875,367.6875,6.1,3.9,43.0%,40.9%
Jacksonville Jaguars,22.0625,341.25,6.0,4.7,39.9%,64.0%,26.1875,371.8125,7.5,4.7,41.3%,44.4%
Denver Broncos,21.5,348.875,6.5,3.9,32.4%,31.6%,29.4375,390.8125,7.2,4.7,38.3%,62.5%
Tampa Bay Buccaneers,21.3125,335.125,6.4,4.6,42.2%,71.4%,19.875,332.6875,5.9,4.7,43.2%,52.9%
Chicago Bears,20.875,289.4375,5.8,3.9,32.8%,28.6%,17.875,314.3125,5.8,3.7,34.7%,46.2%
Cincinnati Bengals,20.125,330.5625,6.1,3.6,38.8%,68.4%,24.6875,332.0,6.4,4.4,37.9%,28.6%
Seattle Seahawks,19.375,297.8125,5.8,3.7,35.5%,35.3%,25.4375,368.5625,6.4,4.2,39.5%,42.1%
San Francisco 49ers,19.0625,313.3125,6.2,4.1,31.9%,50.0%,21.625,327.75,6.3,3.5,38.7%,23.1%
Washington Redskins,18.875,337.0,6.0,4.2,29.3%,50.0%,23.5625,389.25,6.9,4.6,35.0%,70.0%
St. Louis Rams,18.0625,302.875,5.2,3.7,33.2%,53.3%,20.5,336.75,5.8,4.5,33.5%,50.0%
Arizona Cardinals,18.0625,269.3125,4.8,4.3,27.8%,38.9%,27.125,373.5625,6.5,4.4,37.3%,52.9%
Buffalo Bills,17.6875,304.875,5.7,4.3,37.9%,45.8%,26.5625,361.625,6.1,4.8,43.2%,70.0%
Minnesota Vikings,17.5625,314.9375,5.7,4.4,34.6%,47.1%,21.75,312.625,6.0,3.9,40.8%,50.0%
Miami Dolphins,17.0625,323.125,5.9,3.7,40.0%,30.0%,20.8125,309.3125,6.2,3.6,37.2%,36.4%
Cleveland Browns,16.9375,289.6875,5.8,4.0,37.1%,71.4%,20.75,350.0625,6.6,4.1,42.9%,73.3%
Carolina Panthers,12.25,258.4375,4.3,4.3,30.4%,43.5%,25.5,335.875,6.1,3.9,38.0%,44.4%
